Company,Ticker,Sector,Index,fr_id,match_method,fr_id,match_method
3i,III,Financial Services,FTSE 100,found_in_meta,meta_ticker,found_in_meta,meta_ticker
Admiral Group,ADM,Insurance,FTSE 100,found_in_meta,meta_ticker,found_in_meta,meta_ticker
Airtel Africa,AAF,Telecommunications Services,FTSE 100,found_in_meta,meta_ticker,found_in_meta,meta_ticker
Alliance Witan,ALW,Investment Trusts,FTSE 100,4604,manual,4604,manual
Anglo American plc,AAL,Mining,FTSE 100,4786,api_name,4786,api_name
Antofagasta plc,ANTO,Mining,FTSE 100,4674,api_name,4674,api_name
Associated British Foods,ABF,Food & Tobacco,FTSE 100,found_in_meta,meta_ticker,found_in_meta,meta_ticker
AstraZeneca,AZN,Pharmaceuticals & Biotechnology,FTSE 100,found_in_meta,meta_ticker,found_in_meta,meta_ticker
Autotrader Group,AUTO,Media,FTSE 100,found_in_meta,meta_ticker,found_in_meta,meta_ticker
Aviva,AV,Life Insurance,FTSE 100,found_in_meta,meta_ticker,found_in_meta,meta_ticker
Babcock International,BAB,Aerospace & Defence,FTSE 100,found_in_meta,meta_ticker,found_in_meta,meta_ticker
BAE Systems,BA,Aerospace & Defence,FTSE 100,4670,api_name,4670,api_name
Barclays,BARC,Banks,FTSE 100,found_in_meta,meta_ticker,found_in_meta,meta_ticker
Barratt Redrow,BTRW,Household Goods & Home Construction,FTSE 100,4610,manual,4610,manual
Beazley,BEZ,Insurance,FTSE 100,found_in_meta,meta_ticker,found_in_meta,meta_ticker
Berkeley Group Holdings,BKG,Household Goods & Home Construction,FTSE 100,found_in_meta,meta_ticker,found_in_meta,meta_ticker
BP,BP,Oil & Gas Producers,FTSE 100,found_in_meta,meta_ticker,found_in_meta,meta_ticker
British American Tobacco,BATS,Tobacco,FTSE 100,found_in_meta,meta_ticker,found_in_meta,meta_ticker
British Land,BLND,Real Estate,FTSE 100,found_in_meta,meta_ticker,found_in_meta,meta_ticker
BT Group,BT-A,Telecommunications Services,FTSE 100,found_in_meta,meta_ticker,found_in_meta,meta_ticker
Bunzl,BNZL,Support Services,FTSE 100,found_in_meta,meta_ticker,found_in_meta,meta_ticker
Burberry Group,BRBY,Personal Goods,FTSE 100,found_in_meta,meta_ticker,found_in_meta,meta_ticker
Centrica,CNA,Multiline Utilities,FTSE 100,found_in_meta,meta_ticker,found_in_meta,meta_ticker
Coca-Cola Europacific Partners,CCEP,Beverages,FTSE 100,found_in_meta,meta_ticker,found_in_meta,meta_ticker
Compass Group,CPG,Support Services,FTSE 100,found_in_meta,meta_ticker,found_in_meta,meta_ticker
Convatec,CTEC,Health Care Equipment & Supplies,FTSE 100,found_in_meta,meta_ticker,found_in_meta,meta_ticker
Croda International,CRDA,Chemicals,FTSE 100,found_in_meta,meta_ticker,found_in_meta,meta_ticker
Diageo,DGE,Beverages,FTSE 100,found_in_meta,meta_ticker,found_in_meta,meta_ticker
Diploma,DPLM,Industrial Support Services,FTSE 100,found_in_meta,meta_ticker,found_in_meta,meta_ticker
Endeavour Mining,EDV,Precious Metals and Mining,FTSE 100,5068,api_name,5068,api_name
EasyJet,EZJ,Travel & Leisure,FTSE 100,found_in_meta,meta_ticker,found_in_meta,meta_ticker
F & C Investment Trust,FCIT,Collective Investments,FTSE 100,found_in_meta,meta_ticker,found_in_meta,meta_ticker
Games Workshop,GAW,Leisure Goods,FTSE 100,4735,api_name,4735,api_name
Glencore,GLEN,Mining,FTSE 100,6185,api_name,6185,api_name
GSK plc,GSK,Pharmaceuticals & Biotechnology,FTSE 100,5262,manual,5262,manual
Haleon,HLN,Pharmaceuticals & Biotechnology,FTSE 100,found_in_meta,meta_ticker,found_in_meta,meta_ticker
Halma plc,HLMA,Electronic Equipment & Parts,FTSE 100,found_in_meta,meta_ticker,found_in_meta,meta_ticker
Hikma Pharmaceuticals,HIK,Pharmaceuticals & Biotechnology,FTSE 100,found_in_meta,meta_ticker,found_in_meta,meta_ticker
Howdens Joinery,HWDN,Homebuilding & Construction Supplies,FTSE 100,found_in_meta,meta_ticker,found_in_meta,meta_ticker
HSBC,HSBA,Banks,FTSE 100,found_in_meta,meta_ticker,found_in_meta,meta_ticker
IHG Hotels & Resorts,IHG,Travel & Leisure,FTSE 100,found_in_meta,meta_ticker,found_in_meta,meta_ticker
IMI,IMI,Industrial Engineering,FTSE 100,found_in_meta,meta_ticker,found_in_meta,meta_ticker
Imperial Brands,IMB,Tobacco,FTSE 100,found_in_meta,meta_ticker,found_in_meta,meta_ticker
Informa,INF,Media,FTSE 100,found_in_meta,meta_ticker,found_in_meta,meta_ticker
Intertek,ITRK,Support Services,FTSE 100,found_in_meta,meta_ticker,found_in_meta,meta_ticker
JD Sports,JD,General Retailers,FTSE 100,found_in_meta,meta_ticker,found_in_meta,meta_ticker
Kingfisher plc,KGF,Retailers,FTSE 100,found_in_meta,meta_ticker,found_in_meta,meta_ticker
Land Securities,LAND,Real Estate Investment Trusts,FTSE 100,found_in_meta,meta_ticker,found_in_meta,meta_ticker
Legal & General,LGEN,Life Insurance,FTSE 100,5266,api_name,5266,api_name
Lloyds Banking Group,LLOY,Banks,FTSE 100,found_in_meta,meta_ticker,found_in_meta,meta_ticker
LondonMetric Property,LMP,Real Estate Investment Trusts,FTSE 100,5318,api_name,5318,api_name
London Stock Exchange Group,LSEG,Financial Services,FTSE 100,found_in_meta,meta_ticker,found_in_meta,meta_ticker
M&G,MNG,Financial Services,FTSE 100,found_in_meta,meta_ticker,found_in_meta,meta_ticker
Marks & Spencer,MKS,Food & Drug Retailing,FTSE 100,found_in_meta,meta_ticker,found_in_meta,meta_ticker
Melrose Industries,MRO,Aerospace & Defence,FTSE 100,found_in_meta,meta_ticker,found_in_meta,meta_ticker
Metlen Energy & Metals,MTLN,Multiline Utilities,FTSE 100,35677,api_name,35677,api_name
Mondi,MNDI,Containers & Packaging,FTSE 100,found_in_meta,meta_ticker,found_in_meta,meta_ticker
National Grid plc,NG,Multiline Utilities,FTSE 100,4816,api_name,4816,api_name
NatWest Group,NWG,Banks,FTSE 100,found_in_meta,meta_ticker,found_in_meta,meta_ticker
Next plc,NXT,General Retailers,FTSE 100,found_in_meta,meta_ticker,found_in_meta,meta_ticker
Pearson plc,PSON,Media,FTSE 100,5260,api_name,5260,api_name
Persimmon,PSN,Household Goods & Home Construction,FTSE 100,found_in_meta,meta_ticker,found_in_meta,meta_ticker
Polar Capital Technology Trust,PCT,Investment Trusts,FTSE 100,found_in_meta,meta_ticker,found_in_meta,meta_ticker
Prudential plc,PRU,Life Insurance,FTSE 100,found_in_meta,meta_ticker,found_in_meta,meta_ticker
Reckitt,RKT,Household Goods & Home Construction,FTSE 100,found_in_meta,meta_ticker,found_in_meta,meta_ticker
RELX,REL,Media,FTSE 100,found_in_meta,meta_ticker,found_in_meta,meta_ticker
Rentokil Initial,RTO,Support Services,FTSE 100,found_in_meta,meta_ticker,found_in_meta,meta_ticker
Rightmove,RMV,Media,FTSE 100,found_in_meta,meta_ticker,found_in_meta,meta_ticker
Rio Tinto,RIO,Mining,FTSE 100,found_in_meta,meta_ticker,found_in_meta,meta_ticker
Rolls-Royce Holdings,RR,Aerospace & Defence,FTSE 100,found_in_meta,meta_ticker,found_in_meta,meta_ticker
Sage Group,SGE,Software & Computer Services,FTSE 100,found_in_meta,meta_ticker,found_in_meta,meta_ticker
Sainsbury's,SBRY,Food & Drug Retailing,FTSE 100,5234,manual,5234,manual
Schroders,SDR,Financial Services,FTSE 100,found_in_meta,meta_ticker,found_in_meta,meta_ticker
Scottish Mortgage Investment Trust,SMT,Collective Investments,FTSE 100,found_in_meta,meta_ticker,found_in_meta,meta_ticker
Segro,SGRO,Real Estate Investment Trusts,FTSE 100,found_in_meta,meta_ticker,found_in_meta,meta_ticker
Severn Trent,SVT,Multiline Utilities,FTSE 100,found_in_meta,meta_ticker,found_in_meta,meta_ticker
Shell plc,SHEL,Oil & Gas Producers,FTSE 100,found_in_meta,meta_ticker,found_in_meta,meta_ticker
Smiths Group,SMIN,General Industrials,FTSE 100,4613,api_name,4613,api_name
Smith & Nephew,SN,Health Care Equipment & Supplies,FTSE 100,4588,api_name,4588,api_name
SSE plc,SSE,Electrical Utilities & Independent Power Producers,FTSE 100,found_in_meta,meta_ticker,found_in_meta,meta_ticker
Standard Chartered,STAN,Banks,FTSE 100,found_in_meta,meta_ticker,found_in_meta,meta_ticker
St. James's Place,STJ,Financial Services,FTSE 100,found_in_meta,meta_ticker,found_in_meta,meta_ticker
Tesco,TSCO,Food & Drug Retailing,FTSE 100,found_in_meta,meta_ticker,found_in_meta,meta_ticker
Tritax Big Box REIT,BBOX,Real Estate Investment Trusts,FTSE 100,found_in_meta,meta_ticker,found_in_meta,meta_ticker
Unilever,ULVR,Personal Goods,FTSE 100,4591,api_name,4591,api_name
United Utilities,UU,Multiline Utilities,FTSE 100,4878,api_name,4878,api_name
Vodafone Group,VOD,Mobile Telecommunications,FTSE 100,found_in_meta,meta_ticker,found_in_meta,meta_ticker
Weir Group,WEIR,Industrial Goods and Services,FTSE 100,found_in_meta,meta_ticker,found_in_meta,meta_ticker
Whitbread,WTB,Retail Hospitality,FTSE 100,found_in_meta,meta_ticker,found_in_meta,meta_ticker
4imprint,FOUR,Media,FTSE 250,found_in_meta,meta_ticker,found_in_meta,meta_ticker
Aberdeen Asia Focus,AAS,Investment Trusts,FTSE 250,found_in_meta,meta_ticker,found_in_meta,meta_ticker
abrdn,ABDN,Financial Services,FTSE 250,found_in_meta,meta_ticker,found_in_meta,meta_ticker
Aberforth Smaller Companies Trust,ASL,Investment Trusts,FTSE 250,found_in_meta,meta_ticker,found_in_meta,meta_ticker
AEP Plantations,AEP,Food Producers,FTSE 250,found_in_meta,meta_ticker,found_in_meta,meta_ticker
Alfa Financial Software,ALFA,Software and Computer Services,FTSE 250,found_in_meta,meta_ticker,found_in_meta,meta_ticker
Allianz Technology Trust,ATT,Investment Trusts,FTSE 250,found_in_meta,meta_ticker,found_in_meta,meta_ticker
AO World,AO,Retail,FTSE 250,found_in_meta,meta_ticker,found_in_meta,meta_ticker
Applied Nutrition,APN,Food Producers,FTSE 250,found_in_meta,meta_ticker,found_in_meta,meta_ticker
Ashmore Group,ASHM,Financial Services,FTSE 250,found_in_meta,meta_ticker,found_in_meta,meta_ticker
Ashoka India Equity Investment Trust,AIE,Investment Trusts,FTSE 250,found_in_meta,meta_ticker,found_in_meta,meta_ticker
Aston Martin Lagonda,AML,Automobiles & Parts,FTSE 250,found_in_meta,meta_ticker,found_in_meta,meta_ticker
AVI Global Trust,AGT,Investment Trusts,FTSE 250,found_in_meta,meta_ticker,found_in_meta,meta_ticker
Avon Technologies,AVON,Industrial Goods and Services,FTSE 250,found_in_meta,meta_ticker,found_in_meta,meta_ticker
Baillie Gifford Japan Trust,BGFD,Investment Trusts,FTSE 250,found_in_meta,meta_ticker,found_in_meta,meta_ticker
Baillie Gifford US Growth Trust,USA,Investment Trusts,FTSE 250,found_in_meta,meta_ticker,found_in_meta,meta_ticker
Balfour Beatty,BBY,Construction & Materials,FTSE 250,found_in_meta,meta_ticker,found_in_meta,meta_ticker
Baltic Classifieds,BCG,Consumer Digital Services,FTSE 250,found_in_meta,meta_ticker,found_in_meta,meta_ticker
Bankers Investment Trust,BNKR,Investment Trusts,FTSE 250,found_in_meta,meta_ticker,found_in_meta,meta_ticker
A.G. Barr,BAG,Beverages,FTSE 250,found_in_meta,meta_ticker,found_in_meta,meta_ticker
AJ Bell,AJB,Financial Services,FTSE 250,found_in_meta,meta_ticker,found_in_meta,meta_ticker
Bellway,BWY,Home Construction,FTSE 250,found_in_meta,meta_ticker,found_in_meta,meta_ticker
Big Yellow Group,BYG,Real Estate Investment Trusts,FTSE 250,found_in_meta,meta_ticker,found_in_meta,meta_ticker
Biopharma Credit,BPCR,Investment Trusts,FTSE 250,found_in_meta,meta_ticker,found_in_meta,meta_ticker
BlackRock Greater Europe Investment Trust,BRGE,Investment Trusts,FTSE 250,found_in_meta,meta_ticker,found_in_meta,meta_ticker
BlackRock Smaller Companies Trust,BRSC,Equity Investments,FTSE 250,found_in_meta,meta_ticker,found_in_meta,meta_ticker
BlackRock Throgmorton Trust,THRG,Equity Investments,FTSE 250,found_in_meta,meta_ticker,found_in_meta,meta_ticker
BlackRock World Mining Trust,BRWM,Investment Trusts,FTSE 250,found_in_meta,meta_ticker,found_in_meta,meta_ticker
Bodycote,BOY,Industrial Engineering,FTSE 250,found_in_meta,meta_ticker,found_in_meta,meta_ticker
Breedon Group,BREE,Construction & Materials,FTSE 250,found_in_meta,meta_ticker,found_in_meta,meta_ticker
Bridgepoint Group,BPT,Financial Services,FTSE 250,found_in_meta,meta_ticker,found_in_meta,meta_ticker
Brunner Investment Trust,BUT,Investment Trusts,FTSE 250,found_in_meta,meta_ticker,found_in_meta,meta_ticker
Bytes Technology Group,BYIT,Software & Computer Services,FTSE 250,found_in_meta,meta_ticker,found_in_meta,meta_ticker
Caledonia Investments,CLDN,Investment Trusts,FTSE 250,found_in_meta,meta_ticker,found_in_meta,meta_ticker
Capital Gearing Trust,CGT,Investment Trusts,FTSE 250,found_in_meta,meta_ticker,found_in_meta,meta_ticker
Carnival Corporation & plc,CCL,Travel & Leisure,FTSE 250,found_in_meta,meta_ticker,found_in_meta,meta_ticker
Ceres Power,CWR,Alternative Energy,FTSE 250,found_in_meta,meta_ticker,found_in_meta,meta_ticker
Chemring Group,CHG,Aerospace & Defence,FTSE 250,found_in_meta,meta_ticker,found_in_meta,meta_ticker
Chesnara,CSN,Life Insurance,FTSE 250,found_in_meta,meta_ticker,found_in_meta,meta_ticker
City of London Investment Trust,CTY,Investment Trusts,FTSE 250,found_in_meta,meta_ticker,found_in_meta,meta_ticker
Clarkson,CKN,Industrial Transportation,FTSE 250,found_in_meta,meta_ticker,found_in_meta,meta_ticker
Close Brothers Group,CBG,Financial Services,FTSE 250,found_in_meta,meta_ticker,found_in_meta,meta_ticker
CMC Markets,CMCX,Financial Services,FTSE 250,found_in_meta,meta_ticker,found_in_meta,meta_ticker
Coats Group,COA,Consumer Staples,FTSE 250,found_in_meta,meta_ticker,found_in_meta,meta_ticker
Computacenter,CCC,Software & Computer Services,FTSE 250,found_in_meta,meta_ticker,found_in_meta,meta_ticker
Costain Group,COST,Engineering and Construction,FTSE 250,found_in_meta,meta_ticker,found_in_meta,meta_ticker
Cranswick,CWK,Food Producers,FTSE 250,found_in_meta,meta_ticker,found_in_meta,meta_ticker
Currys,CURY,Retailers,FTSE 250,found_in_meta,meta_ticker,found_in_meta,meta_ticker
Derwent London,DLN,Real Estate Investment Trusts,FTSE 250,found_in_meta,meta_ticker,found_in_meta,meta_ticker
discoverIE,DSCV,Support Services,FTSE 250,found_in_meta,meta_ticker,found_in_meta,meta_ticker
Domino's Pizza,DOM,Travel & Leisure,FTSE 250,found_in_meta,meta_ticker,found_in_meta,meta_ticker
Drax Group,DRX,Electricity,FTSE 250,found_in_meta,meta_ticker,found_in_meta,meta_ticker
Dr. Martens,DOCS,Retailers,FTSE 250,5055,api_name,5055,api_name
Dunelm Group,DNLM,Retailers,FTSE 250,found_in_meta,meta_ticker,found_in_meta,meta_ticker
Edinburgh Investment Trust,EDIN,Investment Trusts,FTSE 250,found_in_meta,meta_ticker,found_in_meta,meta_ticker
Edinburgh Worldwide Investment Trust,EWI,Investment Trusts,FTSE 250,found_in_meta,meta_ticker,found_in_meta,meta_ticker
Elementis,ELM,Chemicals,FTSE 250,4640,api_name,4640,api_name
Energean,ENOG,Oil & Gas Producers,FTSE 250,found_in_meta,meta_ticker,found_in_meta,meta_ticker
European Smaller Companies Trust,ESCT,Investment Trusts,FTSE 250,found_in_meta,meta_ticker,found_in_meta,meta_ticker
Fidelity China Special Situations,FCSS,Investment Trusts,FTSE 250,found_in_meta,meta_ticker,found_in_meta,meta_ticker
Fidelity European Trust,FEV,Investment Trusts,FTSE 250,found_in_meta,meta_ticker,found_in_meta,meta_ticker
Fidelity Special Values,FSV,Investment Trusts,FTSE 250,found_in_meta,meta_ticker,found_in_meta,meta_ticker
Finsbury Growth & Income Trust,FGT,Equity Investments,FTSE 250,found_in_meta,meta_ticker,found_in_meta,meta_ticker
FirstGroup,FGP,Travel & Leisure,FTSE 250,5289,api_name,5289,api_name
Frasers Group,FRAS,Retailers,FTSE 250,found_in_meta,meta_ticker,found_in_meta,meta_ticker
Funding Circle,FCH,Financial Services,FTSE 250,found_in_meta,meta_ticker,found_in_meta,meta_ticker
Future,FUTR,Media,FTSE 250,4787,api_name,4787,api_name
Galliford Try,GFRD,Construction,FTSE 250,found_in_meta,meta_ticker,found_in_meta,meta_ticker
Gamma Communications,GAMA,Telecommunications,FTSE 250,7659,api_name,7659,api_name
GB Group,GBG,Software and Computer Services,FTSE 250,7662,api_name,7662,api_name
Genuit Group,GEN,Construction & Materials,FTSE 250,found_in_meta,meta_ticker,found_in_meta,meta_ticker
Genus,GNS,Pharmaceuticals & Biotechnology,FTSE 250,found_in_meta,meta_ticker,found_in_meta,meta_ticker
Global Smaller Companies Trust,GSCT,Investment Trusts,FTSE 250,found_in_meta,meta_ticker,found_in_meta,meta_ticker
Goodwin,GDWN,General Industrials,FTSE 250,found_in_meta,meta_ticker,found_in_meta,meta_ticker
Grainger,GRI,Real Estate Investment & Services,FTSE 250,found_in_meta,meta_ticker,found_in_meta,meta_ticker
Great Portland Estates,GPE,Real Estate Investment Trusts,FTSE 250,found_in_meta,meta_ticker,found_in_meta,meta_ticker
Greencoat UK Wind,UKW,Gas Water & Multiutilities,FTSE 250,found_in_meta,meta_ticker,found_in_meta,meta_ticker
Greggs,GRG,Food & Drug Retailers,FTSE 250,found_in_meta,meta_ticker,found_in_meta,meta_ticker
Hammerson,HMSO,Real Estate Investment Trusts,FTSE 250,found_in_meta,meta_ticker,found_in_meta,meta_ticker
Harbour Energy,HBR,Oil & Gas Producers,FTSE 250,found_in_meta,meta_ticker,found_in_meta,meta_ticker
Harworth Group,HWG,Real Estate,FTSE 250,found_in_meta,meta_ticker,found_in_meta,meta_ticker
Hays,HAS,Support Services,FTSE 250,found_in_meta,meta_ticker,found_in_meta,meta_ticker
Helios Towers,HTWS,Telecomms,FTSE 250,found_in_meta,meta_ticker,found_in_meta,meta_ticker
Henderson Smaller Companies Investment Trust,HSL,Investment Trusts,FTSE 250,found_in_meta,meta_ticker,found_in_meta,meta_ticker
Herald Investment Trust,HRI,Investment Trusts,FTSE 250,found_in_meta,meta_ticker,found_in_meta,meta_ticker
Hg Capital Trust,HGT,Investment Trusts,FTSE 250,found_in_meta,meta_ticker,found_in_meta,meta_ticker
HICL Infrastructure Company,HICL,Investment Trusts,FTSE 250,found_in_meta,meta_ticker,found_in_meta,meta_ticker
Hill & Smith,HILS,Industrial Engineering,FTSE 250,found_in_meta,meta_ticker,found_in_meta,meta_ticker
Hilton Food Group,HFG,Food Producers,FTSE 250,found_in_meta,meta_ticker,found_in_meta,meta_ticker
Hochschild Mining,HOC,Basic Resources,FTSE 250,found_in_meta,meta_ticker,found_in_meta,meta_ticker
Hollywood Bowl Group,BOWL,Travel and Leisure,FTSE 250,found_in_meta,meta_ticker,found_in_meta,meta_ticker
Hunting,HTG,Oil Gas and Coal,FTSE 250,found_in_meta,meta_ticker,found_in_meta,meta_ticker
Ibstock,IBST,Construction & Materials,FTSE 250,found_in_meta,meta_ticker,found_in_meta,meta_ticker
ICG Enterprise Trust,ICGT,Investment Trusts,FTSE 250,found_in_meta,meta_ticker,found_in_meta,meta_ticker
IG Group Holdings,IGG,Financial Services,FTSE 250,found_in_meta,meta_ticker,found_in_meta,meta_ticker
Impax Environmental Markets,IEM,Investment Trusts,FTSE 250,found_in_meta,meta_ticker,found_in_meta,meta_ticker
Inchcape,INCH,Retailers,FTSE 250,4630,api_name,4630,api_name
IntegraFin Holdings,IHP,Financial Services,FTSE 250,found_in_meta,meta_ticker,found_in_meta,meta_ticker
International Personal Finance,IPF,Financial Services,FTSE 250,found_in_meta,meta_ticker,found_in_meta,meta_ticker
IP Group,IPO,Financial Services,FTSE 250,found_in_meta,meta_ticker,found_in_meta,meta_ticker
Ithaca Energy,ITH,Oil & Gas Producers,FTSE 250,found_in_meta,meta_ticker,found_in_meta,meta_ticker
ITV,ITV,Media,FTSE 250,found_in_meta,meta_ticker,found_in_meta,meta_ticker
Johnson Matthey,JMAT,Chemicals,FTSE 250,found_in_meta,meta_ticker,found_in_meta,meta_ticker
Johnson Service Group,JSG,Industrial Support Services,FTSE 250,7731,api_name,7731,api_name
JPMorgan American Investment Trust,JAM,Investment Trusts,FTSE 250,found_in_meta,meta_ticker,found_in_meta,meta_ticker
JPMorgan Emerging Markets Dividend Income,JEMI,Investment Trusts,FTSE 250,found_in_meta,meta_ticker,found_in_meta,meta_ticker
JPMorgan Emerging Markets Growth & Income,JMG,Investment Trusts,FTSE 250,found_in_meta,meta_ticker,found_in_meta,meta_ticker
JPMorgan European Discovery,JEDT,Investment Trusts,FTSE 250,found_in_meta,meta_ticker,found_in_meta,meta_ticker
JPMorgan European Growth & Income,JEGI,Investment Trusts,FTSE 250,found_in_meta,meta_ticker,found_in_meta,meta_ticker
JPMorgan Global Growth & Income,JGGI,Investment Trusts,FTSE 250,found_in_meta,meta_ticker,found_in_meta,meta_ticker
JPMorgan Japanese Investment Trust,JFJ,Investment Trusts,FTSE 250,found_in_meta,meta_ticker,found_in_meta,meta_ticker
Jupiter Fund Management,JUP,Financial Services,FTSE 250,found_in_meta,meta_ticker,found_in_meta,meta_ticker
Just Group,JUST,Life Insurance,FTSE 250,5324,api_name,5324,api_name
Kainos,KNOS,Software & Computer Services,FTSE 250,found_in_meta,meta_ticker,found_in_meta,meta_ticker
Keller Group,KLR,Construction & Materials,FTSE 250,found_in_meta,meta_ticker,found_in_meta,meta_ticker
Kier Group,KIE,Construction & Materials,FTSE 250,found_in_meta,meta_ticker,found_in_meta,meta_ticker
Lion Finance Group,BGEO,Banking Services,FTSE 250,found_in_meta,meta_ticker,found_in_meta,meta_ticker
Marshalls,MSLH,Construction & Materials,FTSE 250,found_in_meta,meta_ticker,found_in_meta,meta_ticker
ME Group International,MEGP,Leisure Goods,FTSE 250,found_in_meta,meta_ticker,found_in_meta,meta_ticker
Mercantile Investment Trust,MRC,Collective Investments,FTSE 250,found_in_meta,meta_ticker,found_in_meta,meta_ticker
Metro Bank,MTRO,Banks,FTSE 250,found_in_meta,meta_ticker,found_in_meta,meta_ticker
Mitchells & Butlers,MAB,Travel & Leisure,FTSE 250,4826,api_name,4826,api_name
Mitie,MTO,Support Services,FTSE 250,found_in_meta,meta_ticker,found_in_meta,meta_ticker
Molten Ventures,GROW,Financial Services,FTSE 250,4951,api_name,4951,api_name
Monks Investment Trust,MNKS,Investment Trusts,FTSE 250,found_in_meta,meta_ticker,found_in_meta,meta_ticker
MONY Group,MONY,Media,FTSE 250,found_in_meta,meta_ticker,found_in_meta,meta_ticker
Moonpig,MOON,Retailers,FTSE 250,found_in_meta,meta_ticker,found_in_meta,meta_ticker
Morgan Advanced Materials,MGAM,Electronic & Electrical Equipment,FTSE 250,found_in_meta,meta_ticker,found_in_meta,meta_ticker
Morgan Sindall Group,MGNS,Construction & Materials,FTSE 250,found_in_meta,meta_ticker,found_in_meta,meta_ticker
Murray Income Trust,MUT,Investment Trusts,FTSE 250,found_in_meta,meta_ticker,found_in_meta,meta_ticker
Murray International Trust,MYI,Investment Trusts,FTSE 250,found_in_meta,meta_ticker,found_in_meta,meta_ticker
NCC Group,NCC,Software and Computer Services,FTSE 250,found_in_meta,meta_ticker,found_in_meta,meta_ticker
Ninety One,N91,Financial Services,FTSE 250,found_in_meta,meta_ticker,found_in_meta,meta_ticker
North Atlantic Smaller Companies Investment Trust,NAS,Investment Trusts,FTSE 250,found_in_meta,meta_ticker,found_in_meta,meta_ticker
Ocado Group,OCDO,Food & Drug Retailers,FTSE 250,found_in_meta,meta_ticker,found_in_meta,meta_ticker
OSB Group,OSB,Banks,FTSE 250,found_in_meta,meta_ticker,found_in_meta,meta_ticker
Oxford Biomedica,OXB,Pharmaceuticals and Biotechnology,FTSE 250,found_in_meta,meta_ticker,found_in_meta,meta_ticker
Oxford Instruments,OXIG,Electronic & Electrical Equipment,FTSE 250,4677,api_name,4677,api_name
Oxford Nanopore Technologies,ONT,Health Care,FTSE 250,found_in_meta,meta_ticker,found_in_meta,meta_ticker
Pacific Horizon Investment Trust,PHI,Investment Trusts,FTSE 250,found_in_meta,meta_ticker,found_in_meta,meta_ticker
PageGroup,PAGE,Support Services,FTSE 250,5296,api_name,5296,api_name
Pan African Resources,PAF,Precious Metals and Mining,FTSE 250,48786,api_name,48786,api_name
Pantheon Infrastructure,PINT,Investment Trusts,FTSE 250,found_in_meta,meta_ticker,found_in_meta,meta_ticker
Pantheon International,PIN,Equity Investments,FTSE 250,found_in_meta,meta_ticker,found_in_meta,meta_ticker
Paragon Banking Group,PAG,Financial Services,FTSE 250,found_in_meta,meta_ticker,found_in_meta,meta_ticker
Pennon Group,PNN,Gas Water & Multiutilities,FTSE 250,found_in_meta,meta_ticker,found_in_meta,meta_ticker
Personal Assets Trust,PNL,Investment Trusts,FTSE 250,found_in_meta,meta_ticker,found_in_meta,meta_ticker
Pets at Home,PETS,Retailers,FTSE 250,found_in_meta,meta_ticker,found_in_meta,meta_ticker
Pinewood Technologies,PINE,Software & Computer Services,FTSE 250,found_in_meta,meta_ticker,found_in_meta,meta_ticker
Polar Capital Global Healthcare Trust,PCGH,Investment Trusts,FTSE 250,found_in_meta,meta_ticker,found_in_meta,meta_ticker
Pollen Street Group,POLN,Financial Services,FTSE 250,found_in_meta,meta_ticker,found_in_meta,meta_ticker
Premier Foods,PFD,Food & Drug Retailers,FTSE 250,found_in_meta,meta_ticker,found_in_meta,meta_ticker
Primary Health Properties,PHP,Real Estate Investment Trusts,FTSE 250,found_in_meta,meta_ticker,found_in_meta,meta_ticker
Qinetiq,QQ,Aerospace & Defence,FTSE 250,found_in_meta,meta_ticker,found_in_meta,meta_ticker
Quilter,QLT,Financial Services,FTSE 250,found_in_meta,meta_ticker,found_in_meta,meta_ticker
Rank Group,RNK,Travel and Leisure,FTSE 250,found_in_meta,meta_ticker,found_in_meta,meta_ticker
Raspberry Pi Holdings,RPI,Technology,FTSE 250,found_in_meta,meta_ticker,found_in_meta,meta_ticker
Rathbones,RAT,Financial Services,FTSE 250,found_in_meta,meta_ticker,found_in_meta,meta_ticker
Renishaw,RSW,Electronic & Electrical Equipment,FTSE 250,5268,api_name,5268,api_name
RIT Capital Partners,RCP,Investment Trusts,FTSE 250,found_in_meta,meta_ticker,found_in_meta,meta_ticker
Rotork,ROR,Industrial Engineering,FTSE 250,found_in_meta,meta_ticker,found_in_meta,meta_ticker
RS Group,RS1,Industrials,FTSE 250,found_in_meta,meta_ticker,found_in_meta,meta_ticker
Safestore,SAFE,Real Estate Investment Trusts,FTSE 250,5310,api_name,5310,api_name
Saga,SAGA,Financial Services,FTSE 250,found_in_meta,meta_ticker,found_in_meta,meta_ticker
Savills,SVS,Real Estate Investment & Services,FTSE 250,found_in_meta,meta_ticker,found_in_meta,meta_ticker
Schroder Asian Total Return Investment Company,ATR,Investment Trusts,FTSE 250,found_in_meta,meta_ticker,found_in_meta,meta_ticker
Schroder Oriental Income Fund,SOI,Financial Services,FTSE 250,found_in_meta,meta_ticker,found_in_meta,meta_ticker
Scottish American Investment Company,SAIN,Investment Trusts,FTSE 250,found_in_meta,meta_ticker,found_in_meta,meta_ticker
SDCL Energy Efficiency Income Trust,SEIT,Energy,FTSE 250,found_in_meta,meta_ticker,found_in_meta,meta_ticker
Senior,SNR,Aerospace & Defence,FTSE 250,4599,api_name,4599,api_name
Serco,SRP,Support Services,FTSE 250,5273,api_name,5273,api_name
Shaftesbury Capital,SHC,Real Estate Investment Trusts,FTSE 250,found_in_meta,meta_ticker,found_in_meta,meta_ticker
Shawbrook Bank,SHAW,Banking,FTSE 250,found_in_meta,meta_ticker,found_in_meta,meta_ticker
Softcat,SCT,Software & Computer Services,FTSE 250,found_in_meta,meta_ticker,found_in_meta,meta_ticker
Spire Healthcare,SPI,Health Care Equipment & Services,FTSE 250,found_in_meta,meta_ticker,found_in_meta,meta_ticker
SSP Group,SSPG,Retailers,FTSE 250,found_in_meta,meta_ticker,found_in_meta,meta_ticker
Supermarket Income REIT,SUPR,Real Estate Investment Trusts,FTSE 250,found_in_meta,meta_ticker,found_in_meta,meta_ticker
Target Healthcare REIT,THRL,Real Estate Investment Trusts,FTSE 250,found_in_meta,meta_ticker,found_in_meta,meta_ticker
Tate & Lyle,TATE,Food Producers,FTSE 250,found_in_meta,meta_ticker,found_in_meta,meta_ticker
Taylor Wimpey,TW,Household Goods & Home Construction,FTSE 250,found_in_meta,meta_ticker,found_in_meta,meta_ticker
TBC Bank,TBCG,Banks,FTSE 250,found_in_meta,meta_ticker,found_in_meta,meta_ticker
Telecom Plus,TEP,Telecomms,FTSE 250,found_in_meta,meta_ticker,found_in_meta,meta_ticker
Temple Bar Investment Trust,TMPL,Collective Investments,FTSE 250,found_in_meta,meta_ticker,found_in_meta,meta_ticker
Templeton Emerging Markets Investment Trust,TEM,Investment Trusts,FTSE 250,found_in_meta,meta_ticker,found_in_meta,meta_ticker
THG,THG,Personal Products,FTSE 250,found_in_meta,meta_ticker,found_in_meta,meta_ticker
Trainline,TRN,Industrial Transportation,FTSE 250,found_in_meta,meta_ticker,found_in_meta,meta_ticker
Travis Perkins,TPK,Support Services,FTSE 250,found_in_meta,meta_ticker,found_in_meta,meta_ticker
TR Property Investment Trust,TRY,Investment Trusts,FTSE 250,found_in_meta,meta_ticker,found_in_meta,meta_ticker
Trustpilot,TRST,Technology,FTSE 250,found_in_meta,meta_ticker,found_in_meta,meta_ticker
Unite Group,UTG,Real Estate Investment Trusts,FTSE 250,found_in_meta,meta_ticker,found_in_meta,meta_ticker
Utilico Emerging Markets,UEM,Investment Trusts,FTSE 250,found_in_meta,meta_ticker,found_in_meta,meta_ticker
Vesuvius,VSVS,General Industrials,FTSE 250,found_in_meta,meta_ticker,found_in_meta,meta_ticker
Victrex,VCT,Chemicals,FTSE 250,found_in_meta,meta_ticker,found_in_meta,meta_ticker
Vistry Group,VTY,Home Construction,FTSE 250,found_in_meta,meta_ticker,found_in_meta,meta_ticker
Volution Group,FAN,Construction & Materials,FTSE 250,found_in_meta,meta_ticker,found_in_meta,meta_ticker
W. A. G. Payment Solutions,WPS,Financial Services,FTSE 250,found_in_meta,meta_ticker,found_in_meta,meta_ticker
Watches of Switzerland,WOSG,Personal Goods,FTSE 250,found_in_meta,meta_ticker,found_in_meta,meta_ticker
Wetherspoon (J D),JDW,Travel & Leisure,FTSE 250,found_in_meta,meta_ticker,found_in_meta,meta_ticker
W H Smith,SMWH,Retailers,FTSE 250,found_in_meta,meta_ticker,found_in_meta,meta_ticker
Wickes,WIX,Retailers,FTSE 250,found_in_meta,meta_ticker,found_in_meta,meta_ticker
Workspace Group,WKP,Real Estate Investment Trusts,FTSE 250,found_in_meta,meta_ticker,found_in_meta,meta_ticker
Worldwide Healthcare Trust,WWH,Investment Trusts,FTSE 250,found_in_meta,meta_ticker,found_in_meta,meta_ticker
WPP,WPP,Media,FTSE 250,found_in_meta,meta_ticker,found_in_meta,meta_ticker
XPS Pensions,XPS,Financial Services,FTSE 250,found_in_meta,meta_ticker,found_in_meta,meta_ticker
Coca-Cola HBC,CCH,Beverages,FTSE 100,,,,
DCC plc,DCC,Support Services,FTSE 100,,,,
Entain,ENT,Travel & Leisure,FTSE 100,,,,
Experian,EXPN,Support Services,FTSE 100,,,,
Fresnillo plc,FRES,Mining,FTSE 100,,,,
Hiscox,HSX,Non-Life Insurance,FTSE 100,,,,
ICG,ICG,Financial Services,FTSE 100,,,,
International Airlines Group,IAG,Travel & Leisure,FTSE 100,,,,
Pershing Square Holdings,PSH,Financial Services,FTSE 100,,,,
Phoenix Group,PHNX,Life Insurance,FTSE 100,,,,
Spirax Group,SPX,Industrial Engineering,FTSE 100,,,,
3i Infrastructure,3IN,Financial Services,FTSE 250,,,,
Atalaya Mining,ATYM,Industrial Metals and Mining,FTSE 250,,,,
B&M,BME,Retailers,FTSE 250,,,,
BH Macro,BHMG,Hedge Funds,FTSE 250,,,,
Bluefield Solar Income Fund,BSIF,Investment Trusts,FTSE 250,,,,
C&C Group,CCR,Food & Tobacco,FTSE 250,,,,
Chrysalis Investments,CHRY,Investment Trusts,FTSE 250,,,,
Fidelity Emerging Markets,FEML,Investment Trusts,FTSE 250,,,,
Foresight Environmental Infrastructure,FGEN,Investment Trusts,FTSE 250,,,,
Foresight Group,FSG,Investment Banking and Brokerage Services,FTSE 250,,,,
GCP Infrastructure Investments,GCP,General Financial,FTSE 250,,,,
Grafton Group,GFTU,Support Services,FTSE 250,,,,
Greencore,GNC,Food Beverage and Tobacco,FTSE 250,,,,
HarbourVest Global Private Equity,HVPE,Equity Investments,FTSE 250,,,,
International Public Partnerships,INPP,Financial Services,FTSE 250,,,,
International Workplace Group,IWG,Support Services,FTSE 250,,,,
Invesco Asia Dragon Trust,IAD,Investment Trusts,FTSE 250,,,,
Investec,INVP,Financial Services,FTSE 250,,,,
JPMorgan India Growth & Income,JII,Investment Trusts,FTSE 250,,,,
JTC,JTC,Financial Services,FTSE 250,,,,
Lancashire Holdings,LRE,Non-Life Insurance,FTSE 250,,,,
Law Debenture,LWDB,Investment Trusts,FTSE 250,,,,
Man Group,EMG,Investment Trusts,FTSE 250,,,,
Merchants Trust,MRCH,Investment Trusts,FTSE 250,,,,
NB Private Equity Partners,NBPE,Collective Investments,FTSE 250,,,,
Oakley Capital Investments,OCI,Investment Trusts,FTSE 250,,,,
Partners Group Private Equity,PEY,Investment Trusts,FTSE 250,,,,
Patria Private Equity Trust,PPET,Financial Services,FTSE 250,,,,
Playtech,PTEC,Software & Computer Services,FTSE 250,,,,
Plus500,PLUS,Financial Services,FTSE 250,,,,
PPHE Hotel Group,PPH,Travel and Leisure,FTSE 250,,,,
Princes Group,PRN,Food and Drink,FTSE 250,,,,
RHI Magnesita,RHIM,Support Services,FTSE 250,,,,
RTW Biotech Opportunities,RTW,Investment Trusts,FTSE 250,,,,
Ruffer Investment Company,RICA,Investment Trusts,FTSE 250,,,,
Schroder AsiaPacific Fund,SDP,Investment Trusts,FTSE 250,,,,
Sequoia Economic Infrastructure Income Fund,SEQI,Financial Services,FTSE 250,,,,
Sirius Real Estate,SRE,Real Estate,FTSE 250,,,,
Syncona,SYNC,Pharmaceuticals & Biotechnology,FTSE 250,,,,
The Renewables Infrastructure Group,TRIG,Investment Trusts,FTSE 250,,,,
TP ICAP,TCAP,Support Services,FTSE 250,,,,
Twentyfour Income Fund,TFIF,Investment Trusts,FTSE 250,,,,
Vietnam Enterprise Investments,VEIL,General Financial,FTSE 250,,,,
VinaCapital Vietnam Opportunity Fund,VOF,General Financial,FTSE 250,,,,
Wizz Air,WIZZ,Travel & Leisure,FTSE 250,,,,
Zigup,ZIG,Support Services,FTSE 250,,,,
